CAMS,Date,Time (UT),MaxMv (mag),F-skew,Sol long,q,1/a,a,e,i,w,Node
11254,7/8/2011,5:28:35.11,2.5,0.8,105.58947,0.5027,0.342,2.923,0.82802,7.88,276.64,105.611
11296,7/8/2011,7:43:20.61,3.8,0.67,105.6787,0.5032,0.457,2.188,0.77002,8.92,279.24,105.699
11364,7/8/2011,10:24:51.77,1.9,0.55,105.78564,0.4934,0.363,2.758,0.8211,7.38,278.11,105.81
11484,7/9/2011,9:59:40.02,3.6,0.86,106.72241,0.4628,0.331,3.024,0.84696,7.5,280.81,106.746
11670,7/11/2011,6:01:01.91,2.8,0.62,108.47139,0.4723,0.392,2.553,0.815,8.71,281.06,108.49
11676,7/11/2011,6:32:05.10,2.8,0.56,108.49196,0.5304,0.372,2.689,0.80275,7.32,274.22,108.515
11679,7/11/2011,6:41:35.00,1.8,0.4,108.49825,0.4846,0.463,2.16,0.77565,8.29,281.4,108.518
11718,7/11/2011,8:27:20.35,1.3,0.68,108.56828,0.4652,0.412,2.425,0.80816,7.43,282.31,108.592
11740,7/11/2011,9:23:42.71,3.8,0.43,108.60561,0.4925,0.443,2.258,0.78189,8.11,280.06,108.626
11818,7/12/2011,6:20:36.33,3.9,0.41,109.43793,0.5104,0.457,2.189,0.76683,6.02,278.43,109.467
11836,7/12/2011,7:48:13.84,1.6,0.68,109.49595,0.4814,0.437,2.29,0.78978,9.34,281.11,109.513
11966,7/14/2011,7:31:21.23,3.9,0.69,111.39212,0.5195,0.42,2.384,0.78209,6.61,276.53,111.417
12098,7/15/2011,10:38:55.13,2.9,0,112.47014,0.5201,0.419,2.388,0.7822,3.6,276.42,112.514
12148,7/16/2011,7:53:07.40,3.6,0.69,113.31419,0.5269,0.442,2.26,0.76686,6.45,276.27,113.338
12258,7/18/2011,4:43:34.87,0.1,0.71,115.09665,0.5079,0.356,2.807,0.81906,7.94,276.35,115.112
12276,7/18/2011,7:11:00.79,3,0.55,115.19434,0.5372,0.435,2.301,0.76654,7.03,274.94,115.214
12280,7/18/2011,7:43:46.04,3.4,0.64,115.21604,0.5224,0.453,2.207,0.7633,7.19,277.02,115.235
12325,7/19/2011,5:45:02.41,1.9,0.56,116.09155,0.5421,0.388,2.578,0.78972,6.99,273.27,116.11
12332,7/19/2011,6:37:05.54,2.3,0.68,116.12604,0.5323,0.454,2.201,0.75816,7.29,275.96,116.144
12426,7/20/2011,7:17:00.80,3.1,0.55,117.10681,0.5764,0.422,2.37,0.75679,6.96,270.24,117.126
12440,7/20/2011,7:55:49.17,2,0.76,117.13253,0.5603,0.349,2.864,0.80436,7.26,270.34,117.15
12447,7/20/2011,8:09:42.83,4.2,0.77,117.14174,0.5362,0.417,2.396,0.77621,7.82,274.62,117.157
12460,7/20/2011,8:36:51.26,0,0.53,117.15972,0.5524,0.403,2.482,0.77744,7.38,272.47,117.177
12464,7/20/2011,8:41:10.91,2.2,0.59,117.16259,0.5366,0.439,2.276,0.76424,7.22,275.11,117.18
12468,7/20/2011,8:48:34.61,3.7,0.66,117.16749,0.5301,0.413,2.423,0.78122,7.17,275.17,117.185
12470,7/20/2011,8:54:08.86,2.1,0.64,117.17119,0.541,0.257,3.887,0.86082,8.43,270.6,117.185
12492,7/20/2011,9:39:48.92,1.8,0.59,117.20145,0.5707,0.358,2.79,0.79545,6.75,269.37,117.22
12547,7/21/2011,4:29:11.69,3.2,0.42,117.95001,0.5809,0.353,2.83,0.79473,6.64,268.1,117.968
12554,7/21/2011,5:03:28.80,2.5,0.8,117.97274,0.5338,0.417,2.396,0.77721,7.32,274.87,117.989
12556,7/21/2011,5:12:19.28,1.6,0.67,117.9786,0.556,0.405,2.471,0.77499,7.57,272.1,117.994
12558,7/21/2011,5:27:49.41,2.9,0.58,117.98887,0.5511,0.409,2.443,0.77442,8.07,272.76,118.003
12565,7/21/2011,6:28:40.55,3.5,0.5,118.02921,0.5821,0.324,3.082,0.81113,7.3,267.33,118.046
12585,7/21/2011,7:23:26.78,3.6,0.73,118.06552,0.5727,0.391,2.56,0.77629,7.11,269.89,118.083
12658,7/22/2011,5:37:58.42,1.2,0.77,118.95017,0.5443,0.419,2.389,0.77216,7.72,273.74,118.965
12686,7/22/2011,7:51:02.76,0.5,0.6,119.0384,0.5317,0.384,2.604,0.79581,7.74,274.32,119.054
12716,7/22/2011,9:52:08.55,2.5,0.6,119.11867,0.5603,0.439,2.279,0.75415,7.64,272.46,119.133
12730,7/23/2011,4:28:00.57,2.2,0.66,119.8585,0.5362,0.455,2.198,0.75605,6.77,275.53,119.876
12736,7/23/2011,5:15:28.80,1.9,0.77,119.88998,0.5922,0.388,2.58,0.77047,7.49,267.59,119.906
12748,7/23/2011,6:59:35.63,3.1,0.66,119.95901,0.5497,0.409,2.443,0.77499,6.85,272.91,119.978
12750,7/23/2011,7:02:37.07,-1.1,0.96,119.96102,0.541,0.404,2.473,0.78124,8.31,273.76,119.975
12755,7/23/2011,7:15:36.13,2,0.72,119.96963,0.566,0.42,2.379,0.76208,7.1,271.36,119.987
12769,7/23/2011,8:03:07.85,2.9,0.59,120.00114,0.5879,0.434,2.303,0.74472,6.17,269.23,120.023
12781,7/23/2011,8:22:17.98,2.8,0.72,120.01385,0.5666,0.493,2.027,0.72047,6.14,273.2,120.035
12832,7/24/2011,4:20:50.96,1.7,0.61,120.80862,0.5759,0.413,2.42,0.76202,7.17,270.06,120.824
12834,7/24/2011,4:35:00.92,2.7,0.73,120.81802,0.5523,0.361,2.77,0.80061,8.3,271.49,120.831
12836,7/24/2011,4:55:27.22,3.5,0.46,120.83157,0.5447,0.463,2.162,0.74806,7.15,274.79,120.848
12843,7/24/2011,5:18:09.05,0.2,0.88,120.84662,0.5586,0.414,2.413,0.7685,7.66,272.03,120.862
12865,7/24/2011,6:21:03.83,3.3,0.68,120.88835,0.5431,0.429,2.331,0.76701,5.07,274.11,120.917
12866,7/24/2011,6:22:54.35,2.6,0.57,120.88957,0.5576,0.421,2.377,0.76542,7.23,272.29,120.907
12878,7/24/2011,6:47:42.89,1.8,0.67,120.90602,0.5548,0.347,2.879,0.80729,8.19,270.9,120.92
12881,7/24/2011,6:51:02.34,3.2,0.71,120.90823,0.5577,0.451,2.216,0.74833,6.98,273.05,120.926
12892,7/24/2011,7:06:55.98,0.9,0.84,120.91877,0.5345,0.391,2.557,0.79097,7.51,274.16,120.935
12894,7/24/2011,7:12:26.07,2.5,0.7,120.92241,0.5649,0.483,2.07,0.7271,6.55,273.09,120.942
12898,7/24/2011,7:19:03.49,2.3,0.8,120.92681,0.5749,0.409,2.447,0.76506,7.71,270.06,120.942
12899,7/24/2011,7:20:23.35,0.3,0.65,120.92769,0.5622,0.398,2.511,0.77611,6.99,271.24,120.946
12900,7/24/2011,7:25:00.49,3.9,0.45,120.93076,0.5583,0.441,2.267,0.75373,8.97,272.74,120.943
12904,7/24/2011,7:39:47.87,1.2,0.62,120.94056,0.5578,0.399,2.503,0.77715,7.78,271.76,120.956
12905,7/24/2011,7:40:10.22,3.5,0.61,120.94081,0.5804,0.423,2.361,0.75417,7.4,269.81,120.957
12909,7/24/2011,7:49:53.75,1.2,0.69,120.94726,0.5564,0.419,2.385,0.76671,6.73,272.39,120.966
12924,7/24/2011,8:24:46.93,0,0.93,120.9704,0.5595,0.382,2.618,0.78629,6.98,271.16,120.988
12925,7/24/2011,8:28:21.66,0.4,0.76,120.97277,0.5204,0.23,4.357,0.88056,9.08,272.37,120.985
12932,7/24/2011,8:35:39.49,3.2,0.78,120.97761,0.5455,0.364,2.748,0.80149,7,272.31,120.995
12953,7/24/2011,9:06:56.38,1.9,0.69,120.99835,0.5635,0.403,2.479,0.77269,6.25,271.22,121.019
12981,7/24/2011,9:58:37.74,0.4,0.69,121.03263,0.5041,0.479,2.086,0.75834,7.01,279.65,121.049
12982,7/24/2011,10:00:54.00,1.9,0.68,121.03414,0.5505,0.395,2.532,0.78258,6.76,272.47,121.052
12999,7/24/2011,10:27:12.76,3.2,0.52,121.05159,0.5669,0.446,2.245,0.74748,7.18,271.88,121.067
13003,7/24/2011,10:32:29.83,1.6,0.57,121.05509,0.5561,0.425,2.351,0.76346,7.62,272.59,121.069
13023,7/24/2011,11:34:31.22,1.2,0.65,121.09623,0.5697,0.399,2.507,0.77276,7.35,270.41,121.11
13050,7/25/2011,5:50:16.64,3.9,0.44,121.82298,0.5081,0.484,2.068,0.7543,5.9,279.32,121.846
13051,7/25/2011,5:56:20.13,2,0.62,121.82699,0.5657,0.359,2.789,0.79717,7.14,269.91,121.844
13063,7/25/2011,6:50:00.31,3.5,0.58,121.86259,0.5731,0.442,2.26,0.74642,6.38,271.1,121.883
13064,7/25/2011,6:50:27.37,1.6,0.73,121.86289,0.5453,0.388,2.58,0.78864,8.01,272.88,121.877
13067,7/25/2011,7:03:17.64,3.2,0.61,121.87141,0.6013,0.43,2.325,0.74138,6.55,267.59,121.891
13071,7/25/2011,7:09:07.05,2.4,0.8,121.87527,0.5603,0.363,2.752,0.7964,7.58,270.63,121.891
13078,7/25/2011,7:28:36.09,3.3,0.49,121.88819,0.6085,0.478,2.091,0.70899,6.98,268.05,121.906
13101,7/25/2011,8:18:30.63,1.2,0.73,121.9213,0.5689,0.417,2.399,0.76286,7.8,270.94,121.937
13117,7/25/2011,8:44:27.26,1.7,0.59,121.9385,0.5926,0.41,2.436,0.75673,6.53,268.1,121.958
13118,7/25/2011,8:47:31.59,2.6,0.39,121.94055,0.5852,0.466,2.145,0.72718,6.83,270.36,121.959
13121,7/25/2011,8:49:07.85,2.7,0.7,121.94161,0.5498,0.342,2.92,0.81171,8.9,271.35,121.954
13127,7/25/2011,8:53:00.95,4.2,0.85,121.94419,0.5242,0.476,2.102,0.75062,5.15,277.36,121.971
13128,7/25/2011,8:53:05.54,1.4,0.85,121.94424,0.5682,0.396,2.523,0.77479,6.89,270.52,121.962
13151,7/25/2011,9:45:22.78,1.1,0.5,121.97892,0.5336,0.479,2.087,0.74432,6.88,276.43,121.996
13184,7/25/2011,10:28:23.57,2.7,0.66,122.00745,0.5539,0.433,2.307,0.7599,7.59,273.02,122.022
13218,7/26/2011,4:46:59.12,1.3,0.7,122.73621,0.5489,0.316,3.161,0.82635,7.76,270.88,122.751
13225,7/26/2011,5:21:22.74,3.4,0.55,122.75903,0.5667,0.467,2.14,0.73519,6.19,272.45,122.781
13229,7/26/2011,5:34:55.88,3.4,0.29,122.76802,0.5666,0.496,2.018,0.71923,6.61,273.23,122.787
13249,7/26/2011,6:37:34.09,3.9,0.73,122.80957,0.5545,0.442,2.263,0.75497,7.9,273.16,122.825
13261,7/26/2011,6:54:35.63,2.9,0.68,122.82086,0.5502,0.398,2.514,0.78115,7.55,272.56,122.837
13263,7/26/2011,7:04:30.02,2.9,0.55,122.82744,0.5766,0.412,2.427,0.76242,6.3,269.93,122.849
13271,7/26/2011,7:31:20.88,4,0.41,122.84525,0.5571,0.398,2.51,0.77805,6.9,271.8,122.864
13278,7/26/2011,7:47:50.19,1.3,0.72,122.85619,0.5629,0.411,2.434,0.76873,7.05,271.45,122.874
13289,7/26/2011,8:09:17.71,1.9,0.69,122.87042,0.5477,0.254,3.935,0.86081,8.83,269.75,122.883
13294,7/26/2011,8:23:07.91,-0.9,0.68,122.8796,0.556,0.354,2.827,0.80333,7.08,270.9,122.897
13304,7/26/2011,8:47:44.43,0.7,0.75,122.89593,0.5671,0.41,2.442,0.76777,7.52,270.94,122.912
13313,7/26/2011,8:54:25.91,3.7,0.66,122.90037,0.5937,0.408,2.452,0.75787,6.64,267.9,122.92
13328,7/26/2011,9:07:50.94,2.3,0.47,122.90927,0.5683,0.416,2.403,0.7635,6.98,270.97,122.927
13344,7/26/2011,9:24:19.22,1.7,0.71,122.9202,0.5477,0.357,2.798,0.80425,7.32,271.91,122.937
13374,7/26/2011,9:52:34.77,2.7,0.51,122.93895,0.5663,0.39,2.565,0.77922,7.65,270.57,122.954
13377,7/26/2011,9:56:02.37,1.9,0.73,122.94124,0.5508,0.428,2.337,0.76431,6.34,273.22,122.96
13433,7/26/2011,11:33:46.27,1.6,0.48,123.00608,0.5427,0.341,2.935,0.81509,7.76,272.1,123.019
13452,7/27/2011,4:17:57.84,3.5,0.49,123.67235,0.5587,0.39,2.562,0.78193,7.56,271.42,123.688
13454,7/27/2011,4:38:57.31,3.9,0.25,123.68627,0.5327,0.486,2.059,0.74128,6.83,276.69,123.704
13460,7/27/2011,5:13:51.73,4,0.24,123.70944,0.6011,0.439,2.278,0.73613,7.81,267.84,123.725
13486,7/27/2011,6:45:37.69,2.5,0.85,123.77033,0.5799,0.365,2.739,0.78828,7.19,268.44,123.788
13503,7/27/2011,7:27:51.22,4.1,0.53,123.79835,0.5889,0.446,2.24,0.7371,6.91,269.41,123.817
13514,7/27/2011,7:39:08.13,2.9,0.67,123.80583,0.5679,0.477,2.098,0.72931,6.37,272.57,123.827
13521,7/27/2011,7:53:18.69,2.9,0.7,123.81524,0.5786,0.43,2.325,0.75114,7.28,270.16,123.833
13523,7/27/2011,8:02:27.27,2.5,0.81,123.82131,0.5693,0.429,2.332,0.75587,7.82,271.18,123.837
13543,7/27/2011,8:26:20.92,-0.1,0.69,123.83716,0.5725,0.371,2.697,0.78773,7.81,269.42,123.853
13552,7/27/2011,8:39:11.22,3.4,0.62,123.84568,0.5771,0.425,2.355,0.75495,7.18,270.18,123.863
13554,7/27/2011,8:43:35.24,0.7,0.66,123.8486,0.557,0.348,2.872,0.80606,8.18,270.66,123.863
13562,7/27/2011,8:48:47.79,-0.8,0.68,123.85206,0.5884,0.37,2.699,0.78199,7.99,267.6,123.867
13588,7/27/2011,9:23:13.91,2.7,0.5,123.87491,0.5836,0.377,2.652,0.77994,8.22,268.31,123.889
13602,7/27/2011,9:35:17.80,1.5,0.67,123.88291,0.5834,0.34,2.945,0.8019,7.64,267.47,123.898
13604,7/27/2011,9:37:18.63,1.6,0.63,123.88425,0.5455,0.39,2.565,0.78733,8.37,272.9,123.897
13610,7/27/2011,9:42:53.82,2.7,0.63,123.88796,0.5801,0.43,2.328,0.75082,7.17,269.98,123.905
13635,7/27/2011,10:08:53.87,2.4,0.62,123.90521,0.5735,0.406,2.465,0.76734,7.43,270.12,123.92
13680,7/28/2011,4:14:14.77,1.6,0.87,124.62548,0.5828,0.393,2.546,0.77109,7.15,268.75,124.643
13681,7/28/2011,4:40:51.42,1.4,0.7,124.64312,0.5536,0.425,2.354,0.76483,7.38,272.82,124.66
13683,7/28/2011,4:45:00.04,2.2,0.7,124.64587,0.5594,0.31,3.224,0.82649,8.07,269.55,124.66
13692,7/28/2011,5:30:50.16,1.7,0.71,124.67629,0.59,0.433,2.307,0.74426,6.84,268.95,124.696
13693,7/28/2011,5:32:55.19,1.6,0.85,124.67767,0.597,0.373,2.679,0.77716,7.86,266.67,124.693
13694,7/28/2011,5:37:13.92,2.2,0.76,124.68053,0.5767,0.441,2.267,0.74561,6.84,270.64,124.7
13715,7/28/2011,6:27:38.99,1,0.73,124.714,0.5811,0.365,2.74,0.78792,7.93,268.3,124.73
13716,7/28/2011,6:31:16.07,3.2,0.38,124.7164,0.5688,0.451,2.22,0.74378,7.08,271.77,124.735
13730,7/28/2011,7:07:01.64,3.5,0.41,124.74013,0.5496,0.444,2.251,0.75584,7.66,273.76,124.757
13743,7/28/2011,7:25:11.24,1.1,0.64,124.75218,0.5855,0.436,2.295,0.74488,6.44,269.52,124.774
13750,7/28/2011,7:44:27.42,4.2,0.42,124.76497,0.5748,0.416,2.407,0.7612,7.73,270.22,124.781
13766,7/28/2011,8:03:38.99,3.7,0.83,124.77771,0.5848,0.387,2.584,0.77368,8.12,268.4,124.793
13790,7/28/2011,8:44:39.70,2.6,0.59,124.80493,0.6041,0.36,2.777,0.78246,7.23,265.55,124.822
13802,7/28/2011,8:58:30.36,2.3,0.73,124.81412,0.6223,0.376,2.662,0.76623,7.33,263.81,124.831
13805,7/28/2011,9:04:04.12,3.3,0.68,124.81781,0.5883,0.42,2.381,0.75292,8.14,268.81,124.832
13828,7/28/2011,9:35:27.88,1.3,0.64,124.83865,0.5935,0.418,2.394,0.75209,7.69,268.16,124.854
13829,7/28/2011,9:36:23.95,3.8,0.65,124.83927,0.579,0.347,2.883,0.79917,7.02,268.12,124.857
13848,7/28/2011,10:00:05.20,2,0.75,124.85499,0.5832,0.416,2.402,0.7572,7.44,269.29,124.871
13860,7/28/2011,10:09:48.61,0.2,0.78,124.86144,0.5767,0.408,2.449,0.76452,7.26,269.82,124.878
13867,7/28/2011,10:15:00.93,1.5,0.64,124.8649,0.5691,0.395,2.53,0.77506,6.26,270.36,124.885
13870,7/28/2011,10:16:05.55,0.9,0.71,124.86561,0.5873,0.383,2.613,0.77524,7.97,268.01,124.88
13891,7/28/2011,11:14:19.92,3.3,0.47,124.90427,0.5937,0.447,2.239,0.73484,6.85,268.86,124.92
13895,7/28/2011,11:31:36.16,2.7,0.71,124.91573,0.5923,0.464,2.155,0.72515,3.76,269.48,124.95
13898,7/28/2011,11:47:19.04,2.9,0.45,124.92616,0.5615,0.481,2.08,0.73005,7.86,273.39,124.939
13916,7/29/2011,5:43:07.09,3.6,0.5,125.64024,0.5769,0.41,2.438,0.76337,7.03,269.84,125.659
13927,7/29/2011,6:31:10.03,0.5,0.67,125.67212,0.5704,0.326,3.068,0.81408,8,268.63,125.688
13929,7/29/2011,6:35:44.93,1.9,0.71,125.67517,0.5644,0.176,5.685,0.90072,9.99,266.39,125.686
13933,7/29/2011,6:43:48.81,0.2,0.76,125.68053,0.5659,0.506,1.974,0.71332,6.26,273.6,125.703
13940,7/29/2011,6:59:52.26,3.5,0.7,125.69119,0.6182,0.43,2.327,0.73434,8.57,265.62,125.706
13959,7/29/2011,7:30:01.99,3.7,0.57,125.71121,0.5514,0.448,2.234,0.75318,8.01,273.64,125.727
13960,7/29/2011,7:31:51.41,4.3,0.4,125.71242,0.6038,0.405,2.471,0.75565,7.64,266.64,125.729
13976,7/29/2011,8:00:18.91,3,0.54,125.73131,0.594,0.295,3.384,0.82447,7.23,265.3,125.75
14000,7/29/2011,8:35:10.56,1.1,0.65,125.75445,0.5776,0.364,2.75,0.78996,7.8,268.65,125.771
14001,7/29/2011,8:35:26.65,1.4,0.74,125.75463,0.5965,0.424,2.358,0.74703,7.32,267.96,125.772
14033,7/29/2011,9:31:26.98,2.5,0.76,125.79181,0.5929,0.446,2.242,0.73555,6.57,268.93,125.812
14053,7/29/2011,10:00:32.34,1.8,0.78,125.81112,0.5707,0.351,2.847,0.79954,7.64,269.16,125.827
14102,7/30/2011,4:37:59.69,1.4,0.7,126.553,0.5826,0.416,2.403,0.75755,7.82,269.33,126.569
14107,7/30/2011,4:55:23.76,2.4,0.62,126.56455,0.6106,0.465,2.151,0.71613,7,267.4,126.584
14114,7/30/2011,5:20:13.91,2.4,0.49,126.58104,0.5938,0.435,2.3,0.74183,5.49,268.53,126.608
14115,7/30/2011,5:24:58.29,2.2,0.42,126.58419,0.5959,0.482,2.073,0.71254,7.54,269.56,126.602
14116,7/30/2011,5:28:09.36,3.5,0.95,126.5863,0.5983,0.387,2.585,0.76855,7.44,266.83,126.604
14119,7/30/2011,6:10:26.72,3.6,0.74,126.61438,0.5913,0.424,2.358,0.74924,7.07,268.54,126.634
14124,7/30/2011,6:23:09.50,3.2,0.49,126.62282,0.6232,0.422,2.37,0.73705,6.04,264.81,126.647
14133,7/30/2011,6:45:20.83,2.8,0.63,126.63756,0.5957,0.423,2.367,0.74833,6.99,268,126.657
14176,7/30/2011,8:17:08.19,1.6,0.83,126.6985,0.5755,0.411,2.432,0.76336,6.84,270.01,126.718
14181,7/30/2011,8:23:19.60,2.2,0.56,126.70261,0.5854,0.404,2.473,0.76328,7.99,268.73,126.719
14192,7/30/2011,8:39:13.95,3.5,0.87,126.71317,0.6193,0.399,2.504,0.75268,10.36,264.72,126.724
14200,7/30/2011,8:52:09.06,2.9,0.73,126.72175,0.6039,0.407,2.457,0.75421,6.6,266.67,126.742
14221,7/30/2011,9:18:07.63,3.5,0.58,126.739,0.5903,0.477,2.095,0.71823,7.17,270.05,126.757
14243,7/30/2011,9:41:05.44,2.9,0.64,126.75425,0.5751,0.393,2.542,0.77376,7.19,269.63,126.772
14257,7/30/2011,9:55:43.27,2.7,0.83,126.76396,0.5888,0.414,2.417,0.75639,6.56,268.57,126.784
14266,7/30/2011,10:03:45.71,2.5,0.68,126.7693,0.5815,0.403,2.48,0.76552,7.74,269.14,126.785
14284,7/30/2011,10:46:29.13,0.7,0.61,126.79766,0.5947,0.395,2.534,0.76531,7.4,267.43,126.813
14323,7/31/2011,5:34:29.29,0,0.94,127.54673,0.5704,0.35,2.857,0.80035,8.27,269.15,127.562
14331,7/31/2011,5:58:24.08,0.8,0.65,127.56261,0.5939,0.394,2.54,0.76618,7.21,267.49,127.582
14336,7/31/2011,6:04:00.56,1,0.52,127.56633,0.5666,0.398,2.512,0.77444,5.94,270.68,127.592
14338,7/31/2011,6:04:04.93,0.4,0.69,127.56638,0.5754,0.372,2.691,0.78618,7.69,269.07,127.584
14347,7/31/2011,6:14:54.68,2.6,0.67,127.57357,0.5773,0.312,3.208,0.82004,8.26,267.53,127.589
14349,7/31/2011,6:20:21.66,-0.2,0.74,127.57719,0.5857,0.37,2.706,0.78356,6.93,267.85,127.597
14350,7/31/2011,6:22:35.19,4.4,0.19,127.57867,0.6103,0.408,2.452,0.7511,7.88,265.96,127.596
14360,7/31/2011,6:48:29.91,3,0.59,127.59588,0.6061,0.421,2.375,0.7448,6.64,266.77,127.617
14364,7/31/2011,7:07:18.31,2.4,0.6,127.60837,0.6333,0.479,2.086,0.6964,6.43,265.17,127.631
14370,7/31/2011,7:12:43.38,2.3,0.63,127.61196,0.6024,0.402,2.49,0.75807,6.57,266.71,127.634
14383,7/31/2011,7:41:52.55,-0.6,1,127.63133,0.5818,0.382,2.616,0.7776,8.22,268.6,127.647
14400,7/31/2011,8:09:59.61,1.8,0.62,127.65,0.5924,0.405,2.471,0.76026,7.5,267.93,127.668
14408,7/31/2011,8:18:14.61,-0.6,0.53,127.65548,0.5992,0.382,2.621,0.77138,7.26,266.6,127.674
14424,7/31/2011,8:32:09.56,1.6,0.71,127.66472,0.5932,0.322,3.104,0.80889,8.36,265.94,127.68
14461,7/31/2011,9:37:31.77,2.7,0.73,127.70814,0.5885,0.392,2.551,0.76931,7.22,268.07,127.726
14485,7/31/2011,9:59:03.14,2.4,0.68,127.72243,0.5648,0.275,3.631,0.84445,9.42,268.21,127.734
14523,8/1/2011,6:39:26.80,1.6,0.51,128.54633,0.6216,0.441,2.267,0.72581,6.99,265.48,128.567
14534,8/1/2011,6:56:19.58,1.2,0.63,128.55753,0.6125,0.417,2.4,0.74479,7.5,265.91,128.576
14564,8/1/2011,7:39:54.56,1.3,0.78,128.58649,0.618,0.42,2.381,0.74045,7.21,265.36,128.606
14570,8/1/2011,7:43:57.08,0.6,0.81,128.58917,0.5676,0.19,5.26,0.89209,8.67,266.25,128.604
14609,8/1/2011,8:35:41.53,-0.2,0.64,128.62354,0.5905,0.402,2.489,0.76276,7.17,268.07,128.642
14618,8/1/2011,8:43:01.45,0.9,0.61,128.6284,0.5901,0.33,3.034,0.8055,7.38,266.44,128.647
14626,8/1/2011,8:51:22.29,-1.5,0.84,128.63396,0.5721,0.411,2.435,0.76505,8.19,270.37,128.65
14656,8/1/2011,9:24:29.14,0.1,0.96,128.65594,0.5737,0.441,2.266,0.74682,6.93,270.95,128.675
14669,8/1/2011,9:36:36.11,-0.7,0.84,128.664,0.5783,0.439,2.278,0.74614,7.01,270.38,128.683
14717,8/1/2011,10:18:35.96,2,0.72,128.69189,0.6029,0.398,2.51,0.7598,7.77,266.57,128.708
14736,8/1/2011,11:11:43.59,1.7,0.77,128.72719,0.6064,0.386,2.591,0.76596,7.78,265.86,128.742
14757,8/1/2011,11:48:59.50,1.3,0.65,128.75195,0.5776,0.436,2.295,0.74832,7.62,270.38,128.766
14772,8/1/2011,12:12:10.35,1,0.69,128.76733,0.6022,0.388,2.576,0.76623,8.03,266.4,128.78
14781,8/2/2011,4:34:19.32,2.3,0.75,129.41988,0.59,0.376,2.663,0.77845,7.55,267.49,129.437
14784,8/2/2011,5:03:21.65,1.2,0.66,129.43916,0.5819,0.413,2.423,0.75984,7.35,269.3,129.458
14791,8/2/2011,5:29:27.46,3.5,0.51,129.4565,0.609,0.462,2.166,0.71884,6.95,267.48,129.477
14792,8/2/2011,5:29:53.33,3.6,0.83,129.45679,0.6278,0.373,2.683,0.76601,6.75,263.04,129.478
14798,8/2/2011,5:50:09.60,2.1,0.7,129.47026,0.6084,0.393,2.544,0.76085,7.63,265.79,129.488
14822,8/2/2011,7:02:58.04,-0.4,0.87,129.51863,0.5855,0.395,2.531,0.76867,6.85,268.46,129.54
14827,8/2/2011,7:13:34.83,1.5,0.35,129.5257,0.617,0.432,2.315,0.73348,6.95,265.77,129.546
14860,8/2/2011,8:01:53.41,1.8,0.57,129.55779,0.6265,0.426,2.349,0.73329,6.82,264.5,129.578
14863,8/2/2011,8:05:50.32,3.1,0.57,129.56041,0.6092,0.4,2.497,0.75603,7.21,265.88,129.58
14904,8/2/2011,9:12:52.53,1.5,0.73,129.60495,0.6244,0.388,2.577,0.7577,7.91,263.82,129.621
14915,8/2/2011,9:20:51.23,3,0.65,129.61024,0.6427,0.388,2.579,0.75079,6.95,261.66,129.629
14955,8/2/2011,10:05:15.69,0.3,0.71,129.63976,0.6246,0.379,2.636,0.76305,7.65,263.58,129.656
14981,8/2/2011,10:32:53.46,1.7,0.67,129.65813,0.6216,0.42,2.378,0.7386,7.44,264.94,129.675
15032,8/3/2011,7:11:38.72,1.4,0.76,130.48132,0.628,0.41,2.44,0.74262,7.09,263.91,130.501
15035,8/3/2011,7:21:23.47,1.5,0.64,130.48781,0.6254,0.406,2.464,0.74619,7.62,264.12,130.506
15085,8/3/2011,10:05:02.37,-0.6,0.75,130.59657,0.5638,0.277,3.614,0.844,9.06,268.32,130.609
15139,8/4/2011,5:31:06.11,0.9,0.73,131.37167,0.6036,0.448,2.23,0.72933,6.97,267.72,131.392
15140,8/4/2011,5:31:17.04,2.1,0.7,131.3718,0.6403,0.412,2.425,0.73596,7.25,262.52,131.391
15217,8/4/2011,11:41:14.02,3.9,0.55,131.61774,0.6241,0.425,2.351,0.73454,7.78,264.76,131.632
15267,8/5/2011,6:10:15.08,2.2,0.5,132.35513,0.6058,0.364,2.751,0.77979,6.36,265.35,132.378
15287,8/5/2011,7:42:26.39,0,0.6,132.41644,0.6625,0.368,2.715,0.75599,7.75,258.79,132.434
15399,8/6/2011,5:49:40.67,0.1,0.71,133.29915,0.6457,0.399,2.505,0.74224,7.4,261.53,133.317
15694,8/8/2011,10:44:20.63,2,0.64,135.41148,0.6547,0.37,2.704,0.75788,8.36,259.72,135.423
67340,7/3/2012,5:13:41.39,0,0.2,101.52169,0.49086,0.447,2.235,0.7804,6.51,280.33,101.543
67362,7/3/2012,7:05:07.55,1.8,0.6,101.59547,0.47642,0.505,1.982,0.7596,8.19,283.33,101.611
67594,7/4/2012,8:16:09.28,0.8,0.63,102.59589,0.46035,0.417,2.398,0.808,6.01,282.93,102.621
68116,7/6/2012,12:06:59.89,0.9,0.39,104.65553,0.5026,0.484,2.064,0.7565,6.86,280,104.672
68122,7/7/2012,4:41:27.15,0.2,0.63,105.31395,0.50357,0.437,2.29,0.7801,8.65,278.7,105.324
68124,7/7/2012,4:42:06.26,1,0.5,105.31438,0.46372,0.431,2.322,0.8003,7.51,282.89,105.328
68159,7/7/2012,6:55:21.03,1.9,0.39,105.4026,0.4539,0.396,2.524,0.8202,8.47,283.18,105.415
68278,7/7/2012,10:59:15.83,-1.3,0.17,105.5641,0.51063,0.516,1.937,0.7365,5.39,279.96,105.589
68384,7/8/2012,7:36:17.53,0.8,0.74,106.38315,0.52386,0.378,2.646,0.802,7.89,275.09,106.397
68581,7/9/2012,8:45:07.98,-0.8,0.72,107.3822,0.46472,0.332,3.01,0.8456,7.47,280.63,107.398
68592,7/9/2012,9:01:00.70,0.1,0.68,107.39272,0.49529,0.53,1.888,0.7376,8.41,281.99,107.405
68785,7/10/2012,8:51:09.63,0.8,0.82,108.33971,0.49977,0.352,2.841,0.8241,6.43,277.17,108.359
68815,7/10/2012,9:35:12.42,-1.3,0.74,108.36887,0.46314,0.394,2.538,0.8175,6.98,282.12,108.386
68837,7/10/2012,10:23:39.09,1.3,0.59,108.40096,0.51816,0.416,2.406,0.7846,8.19,276.59,108.414
68872,7/10/2012,11:18:41.62,1.5,0.64,108.4374,0.50625,0.431,2.319,0.7817,7.17,278.27,108.452
68924,7/11/2012,5:47:09.28,0.2,0.66,109.17142,0.49677,0.498,2.01,0.7529,5.71,280.95,109.194
68975,7/11/2012,7:45:29.95,1,0.52,109.24979,0.4716,0.443,2.256,0.791,7.13,282.32,109.267
69031,7/11/2012,9:09:00.78,0.5,0.55,109.30509,0.55176,0.43,2.325,0.7627,6.57,273.23,109.324
69102,7/11/2012,10:56:51.28,0.1,0.7,109.37651,0.50011,0.382,2.62,0.8091,8.85,277.8,109.387
69264,7/12/2012,9:58:18.73,1.4,0.31,110.29137,0.507,0.439,2.276,0.7772,5.45,278.37,110.316
69295,7/12/2012,10:59:16.01,0.8,0.43,110.33173,0.50487,0.452,2.212,0.7717,7.5,278.93,110.346
69397,7/13/2012,7:12:33.15,0.4,0.78,111.13528,0.5432,0.397,2.521,0.7845,9.23,273.37,111.146
69413,7/13/2012,7:43:35.64,2,0.31,111.15583,0.53317,0.35,2.855,0.8133,9.04,273.43,111.167
69418,7/13/2012,7:54:44.48,-0.3,0.62,111.16322,0.50665,0.444,2.25,0.7748,6.94,278.54,111.181
69483,7/13/2012,9:42:36.51,1.5,0.49,111.23466,0.54187,0.344,2.91,0.8138,8.91,272.32,111.246
69561,7/13/2012,10:57:50.47,0.3,0.75,111.28448,0.49119,0.474,2.109,0.7671,7.03,280.96,111.3
69715,7/14/2012,8:56:56.64,-0.8,0.72,112.15818,0.50317,0.412,2.428,0.7928,8.01,278.14,112.173
69904,7/15/2012,8:24:21.01,0.5,0.74,113.09045,0.53311,0.425,2.355,0.7737,7.27,275.15,113.108
69912,7/15/2012,8:45:54.27,-0.1,0.82,113.10472,0.49613,0.401,2.491,0.8009,7.22,278.66,113.122
69951,7/15/2012,9:46:19.41,1.2,0.56,113.14474,0.5129,0.469,2.132,0.7594,6.04,278.46,113.167
70091,7/16/2012,7:15:01.67,0.3,0.65,113.99847,0.49908,0.382,2.618,0.8093,6.52,277.89,114.02
70135,7/16/2012,8:45:09.95,-0.3,0.59,114.05818,0.55012,0.393,2.543,0.7837,8.23,272.51,114.072
70223,7/16/2012,10:29:52.16,0.9,0.71,114.12755,0.53772,0.45,2.224,0.7582,7.71,275.26,114.142
70244,7/16/2012,10:58:58.32,0.2,0.43,114.14683,0.53411,0.392,2.552,0.7907,8.01,274.26,114.16
70338,7/18/2012,4:34:29.99,1.1,0.49,115.8003,0.54531,0.446,2.243,0.7569,7.7,274.32,115.816
70347,7/18/2012,5:15:31.48,-0.1,0.72,115.82748,0.51454,0.431,2.318,0.778,5.93,277.34,115.852
70411,7/18/2012,8:38:05.63,2.6,0.26,115.96172,0.54769,0.388,2.58,0.7877,11.17,272.64,115.97
70502,7/19/2012,9:28:35.80,0.1,0.45,116.94947,0.56126,0.415,2.412,0.7673,6.54,271.76,116.971
70541,7/20/2012,5:00:53.55,2.1,0.54,117.72645,0.54913,0.4,2.5,0.7803,7.43,272.76,117.744
70559,7/20/2012,6:08:09.81,1.1,0.51,117.77103,0.57091,0.442,2.263,0.7478,7.56,271.36,117.789
70563,7/20/2012,6:15:04.73,2.6,0.82,117.77561,0.56745,0.424,2.361,0.7597,6.71,271.28,117.797
70572,7/20/2012,6:35:31.06,1.5,0.73,117.78916,0.52471,0.405,2.468,0.7874,7.62,275.59,117.807
70641,7/20/2012,8:50:26.22,1.8,0.73,117.87859,0.57754,0.388,2.576,0.7758,8.31,269.29,117.894
70669,7/20/2012,9:21:39.80,1.2,0.5,117.89929,0.55816,0.415,2.412,0.7686,6.33,272.1,117.922
70678,7/20/2012,9:28:23.18,0.3,0.61,117.90375,0.54944,0.403,2.482,0.7786,8.01,272.8,117.92
70841,7/21/2012,5:23:29.32,1.5,0.53,118.69595,0.58084,0.391,2.56,0.7731,7.16,268.97,118.715
70857,7/21/2012,6:00:26.74,0.9,0.54,118.72046,0.53576,0.454,2.202,0.7567,6.31,275.56,118.744
70858,7/21/2012,6:01:06.82,-0.1,0.52,118.72089,0.57139,0.332,3.014,0.8104,9.86,268.7,118.732
70859,7/21/2012,6:02:33.63,0.9,0.75,118.72186,0.58041,0.428,2.339,0.7518,7.39,269.92,118.741
70868,7/21/2012,6:23:12.34,2.8,0.33,118.73554,0.55695,0.436,2.295,0.7573,6.64,272.75,118.758
70883,7/21/2012,7:11:28.01,-0.1,0.68,118.76754,0.55049,0.438,2.285,0.7591,6.85,273.52,118.789
70918,7/21/2012,7:59:21.47,0.3,0.54,118.79929,0.54671,0.352,2.837,0.8073,8.83,271.93,118.814
70922,7/21/2012,8:05:51.29,1.3,0.41,118.8036,0.56176,0.317,3.157,0.8221,7.63,269.46,118.822
70951,7/21/2012,8:45:59.38,1.3,0.47,118.8302,0.55063,0.43,2.328,0.7635,6.08,273.3,118.855
70959,7/21/2012,8:55:55.53,-0.7,0.56,118.83678,0.55683,0.407,2.454,0.7731,7.31,272.07,118.856
70972,7/21/2012,9:22:39.94,1.1,0.41,118.85452,0.57752,0.419,2.386,0.7579,6.92,270.03,118.874
71012,7/21/2012,9:58:27.36,-0.7,0.61,118.87824,0.53509,0.428,2.338,0.7711,7.79,274.98,118.895
71021,7/21/2012,10:01:42.83,0.8,0.7,118.8804,0.56494,0.395,2.529,0.7766,6.36,270.87,118.902
71077,7/21/2012,11:03:51.54,1.3,0.47,118.9216,0.52956,0.442,2.262,0.7659,7.31,275.95,118.939
71172,7/22/2012,4:35:01.43,0.8,0.75,119.6185,0.54594,0.444,2.254,0.7577,7.42,274.17,119.636
71188,7/22/2012,5:11:33.34,0.5,0.41,119.64272,0.55383,0.372,2.687,0.7939,8.89,271.57,119.656
71241,7/22/2012,7:08:34.90,1.4,0.75,119.72031,0.54923,0.342,2.927,0.8124,7.94,271.4,119.738
71271,7/22/2012,7:55:06.39,2.3,0.53,119.75117,0.55707,0.414,2.412,0.7691,6.76,272.21,119.773
71326,7/22/2012,9:22:00.83,1.3,0.57,119.80878,0.56,0.319,3.133,0.8212,8.56,269.71,119.824
71410,7/22/2012,10:58:52.20,1.8,0.77,119.87301,0.57412,0.431,2.319,0.7525,7.18,270.71,119.891
71448,7/22/2012,11:30:38.04,0.3,0.72,119.89407,0.56384,0.388,2.576,0.7811,6.55,270.82,119.913
71518,7/23/2012,5:29:00.65,1.2,0.58,120.60913,0.58042,0.433,2.309,0.7486,7.34,270.05,120.628
71533,7/23/2012,6:27:03.62,1.2,0.87,120.64763,0.55005,0.394,2.539,0.7833,6.55,272.49,120.671
71537,7/23/2012,6:38:28.06,0.9,0.67,120.65519,0.496,0.463,2.161,0.7704,8.35,280.11,120.671
71546,7/23/2012,7:12:06.59,0.5,0.43,120.67751,0.53702,0.342,2.925,0.8164,7.9,272.77,120.695
71578,7/23/2012,8:11:45.04,1.3,0.74,120.71706,0.54974,0.361,2.769,0.8015,8.15,271.77,120.733
71587,7/23/2012,8:30:36.23,-0.1,0.7,120.72955,0.57468,0.42,2.379,0.7584,6.93,270.37,120.75
71601,7/23/2012,9:03:28.12,0.6,0.79,120.75135,0.58465,0.406,2.464,0.7627,7.56,268.89,120.769
71625,7/23/2012,10:05:32.42,1.6,0.34,120.79251,0.55339,0.408,2.453,0.7744,7.57,272.45,120.81
71627,7/23/2012,10:12:25.00,-0.2,0.69,120.79707,0.58021,0.406,2.462,0.7643,7.41,269.4,120.815
71644,7/23/2012,10:30:31.02,1.6,0.81,120.80907,0.55852,0.437,2.289,0.756,7.27,272.6,120.827
71649,7/23/2012,10:41:09.57,0.2,0.65,120.81613,0.5784,0.411,2.435,0.7624,7.55,269.72,120.833
71754,7/24/2012,4:24:10.31,1.2,0.7,121.52113,0.53068,0.486,2.055,0.7418,6.45,276.94,121.543
71764,7/24/2012,4:47:28.61,-0.8,0.7,121.53658,0.57479,0.409,2.444,0.7648,6.64,270.07,121.558
71770,7/24/2012,5:15:55.44,1.5,0.26,121.55545,0.50385,0.475,2.107,0.7608,7.2,279.55,121.575
71771,7/24/2012,5:16:18.07,1.4,0.62,121.5557,0.55743,0.359,2.785,0.7998,8.18,270.86,121.571
71787,7/24/2012,5:57:26.95,1.1,0.66,121.58299,0.58057,0.434,2.304,0.748,6.66,270.04,121.605
71799,7/24/2012,6:19:25.18,1.8,0.57,121.59756,0.57092,0.423,2.365,0.7586,7.47,270.85,121.616
71813,7/24/2012,6:37:08.54,0.5,0.57,121.60932,0.59901,0.434,2.304,0.7401,7.08,267.95,121.63
71815,7/24/2012,6:38:34.00,0.1,0.75,121.61027,0.53722,0.462,2.164,0.7518,5.66,275.58,121.638
71824,7/24/2012,6:47:33.43,1,0.78,121.61623,0.57429,0.402,2.487,0.7691,7.18,269.96,121.636
71825,7/24/2012,6:48:20.41,3.2,0.83,121.61675,0.53462,0.276,3.623,0.8525,8.38,271.66,121.632
71849,7/24/2012,7:28:37.19,1.7,0.26,121.64346,0.59425,0.435,2.296,0.7412,7.34,268.54,121.663
71859,7/24/2012,7:53:26.71,-0.3,0.56,121.65993,0.55261,0.397,2.521,0.7808,7.93,272.27,121.677
71866,7/24/2012,8:10:21.05,1.2,0.74,121.67114,0.56478,0.415,2.408,0.7654,6.89,271.35,121.692
71895,7/24/2012,8:46:10.02,1.6,0.79,121.6949,0.56445,0.433,2.308,0.7554,7.07,271.84,121.715
71919,7/24/2012,9:18:16.57,-0.4,0.73,121.71619,0.5613,0.359,2.782,0.7982,8.01,270.43,121.732
71931,7/24/2012,9:32:24.42,-2.4,0.86,121.72557,0.54565,0.391,2.56,0.7869,7.78,272.9,121.742
71976,7/24/2012,10:21:11.29,-0.6,0.7,121.75793,0.56687,0.383,2.61,0.7828,7.66,270.35,121.774
72052,7/24/2012,11:21:36.37,0.9,0.62,121.798,0.56404,0.436,2.294,0.7541,6.91,271.95,121.816
72105,7/25/2012,4:29:40.81,1.5,0.49,122.47994,0.56481,0.379,2.636,0.7857,7.2,270.48,122.498
72115,7/25/2012,5:05:54.68,-2.6,0.75,122.50398,0.58906,0.41,2.439,0.7585,7.76,268.48,122.521
72116,7/25/2012,5:08:20.50,2.2,0.69,122.50559,0.58132,0.353,2.83,0.7946,7.03,268.02,122.525
72130,7/25/2012,5:52:17.65,-1.2,0.67,122.53474,0.5621,0.37,2.703,0.792,7.78,270.58,122.552
72132,7/25/2012,5:58:46.88,1.6,0.5,122.53905,0.59467,0.444,2.251,0.7358,6.58,268.7,122.561
72148,7/25/2012,6:40:40.16,-1.4,0.58,122.56684,0.51387,0.478,2.092,0.7543,6.2,278.54,122.591
72163,7/25/2012,7:05:12.62,0.3,0.57,122.58312,0.57057,0.433,2.311,0.7531,4.85,271.12,122.617
72165,7/25/2012,7:10:29.75,-0.8,0.7,122.58663,0.55914,0.408,2.45,0.7718,7.28,271.8,122.606
72179,7/25/2012,7:28:05.98,1,0.6,122.5983,0.58735,0.405,2.469,0.7621,6.06,268.54,122.623
72182,7/25/2012,7:38:19.13,0.8,0.69,122.60509,0.58158,0.423,2.362,0.7538,6.81,269.65,122.626
72195,7/25/2012,7:55:56.27,-0.3,0.66,122.61678,0.58523,0.41,2.44,0.7602,5.83,268.9,122.643
72196,7/25/2012,7:57:29.95,0.2,0.62,122.61781,0.57479,0.386,2.593,0.7784,7.34,269.5,122.637
72199,7/25/2012,8:00:58.60,2.5,0.62,122.62012,0.58651,0.423,2.364,0.7519,6.61,269.09,122.642
72204,7/25/2012,8:07:56.33,-0.2,0.72,122.62473,0.54543,0.286,3.492,0.8438,8.39,270.65,122.64
72208,7/25/2012,8:09:04.43,0.9,0.79,122.62549,0.56299,0.367,2.724,0.7933,7.51,270.41,122.644
72210,7/25/2012,8:16:18.72,0.8,0.63,122.63029,0.54207,0.24,4.165,0.8698,7.95,270.11,122.647
72215,7/25/2012,8:20:53.33,0.3,0.66,122.63332,0.57477,0.39,2.561,0.7756,8.14,269.62,122.649
72216,7/25/2012,8:22:35.50,-1.2,0.78,122.63445,0.57323,0.417,2.399,0.7611,6.72,270.43,122.656
72218,7/25/2012,8:30:40.99,1.5,0.77,122.63982,0.54541,0.4,2.499,0.7818,7.49,273.15,122.658
72228,7/25/2012,8:45:34.01,1,0.69,122.6497,0.56055,0.414,2.414,0.7678,7.16,271.8,122.669
72256,7/25/2012,9:13:28.38,2.3,0.89,122.66821,0.60092,0.416,2.402,0.7498,7.51,267.28,122.686
72262,7/25/2012,9:20:12.54,-0.8,0.7,122.67268,0.60558,0.403,2.478,0.7557,6.96,266.43,122.692
72275,7/25/2012,9:31:13.03,1.5,0.67,122.67999,0.59448,0.437,2.291,0.7405,7.87,268.53,122.696
72292,7/25/2012,9:44:55.18,1.2,0.55,122.68907,0.60179,0.424,2.36,0.745,6.18,267.36,122.712
72299,7/25/2012,9:49:31.91,2.6,0.39,122.69213,0.5376,0.296,3.378,0.8409,9.36,271.73,122.705
72314,7/25/2012,10:08:49.67,-1.5,0.73,122.70493,0.57483,0.397,2.517,0.7716,4.17,269.76,122.741
72396,7/25/2012,11:21:20.43,-0.6,0.84,122.75304,0.56626,0.395,2.531,0.7763,7.67,270.7,122.768
72434,7/25/2012,11:53:54.54,0.5,0.84,122.77464,0.58048,0.416,2.406,0.7587,7.85,269.59,122.789
72437,7/25/2012,11:55:51.46,0,0.62,122.77593,0.55627,0.362,2.761,0.7985,8.04,271.06,122.789
72470,7/26/2012,4:19:21.95,-0.6,0.71,123.42845,0.5725,0.447,2.239,0.7442,7.45,271.27,123.445
72474,7/26/2012,4:39:30.04,0.5,0.54,123.44181,0.56541,0.351,2.848,0.8015,7.66,269.77,123.459
72480,7/26/2012,4:53:00.88,1.1,0.69,123.45078,0.57981,0.4,2.502,0.7683,6.63,269.26,123.471
72497,7/26/2012,5:46:20.55,1.1,0.7,123.48615,0.57048,0.381,2.626,0.7828,7.64,269.87,123.504
72498,7/26/2012,5:48:57.35,1.6,0.79,123.48789,0.60726,0.394,2.535,0.7604,6.75,266.01,123.509
72499,7/26/2012,5:51:46.00,-1,0.73,123.48975,0.55755,0.393,2.546,0.781,7.36,271.61,123.508
72506,7/26/2012,6:07:05.43,0.8,0.61,123.49992,0.58345,0.428,2.339,0.7506,6.91,269.54,123.52
72516,7/26/2012,6:20:09.86,1.7,0.3,123.5086,0.57641,0.425,2.354,0.7552,8.46,270.27,123.523
72522,7/26/2012,6:25:56.52,-0.5,0.7,123.51243,0.58391,0.418,2.393,0.756,7.38,269.25,123.531
72523,7/26/2012,6:26:12.16,-1.6,0.79,123.5126,0.55335,0.37,2.702,0.7952,8.04,271.55,123.529
72531,7/26/2012,6:53:23.98,2.2,0.56,123.53065,0.57671,0.428,2.335,0.753,8.05,270.33,123.547
72558,7/26/2012,7:44:49.14,1,0.39,123.56477,0.5951,0.392,2.548,0.7665,7.74,267.35,123.582
72567,7/26/2012,7:53:20.36,-1.2,0.79,123.57042,0.56448,0.364,2.747,0.7945,8.32,270.17,123.586
72576,7/26/2012,8:00:07.42,-0.3,0.72,123.57492,0.57011,0.418,2.391,0.7615,8.29,270.82,123.59
72585,7/26/2012,8:15:07.23,-0.7,0.78,123.58487,0.57556,0.402,2.489,0.7687,7.8,269.8,123.602
72595,7/26/2012,8:29:13.52,0.6,0.48,123.59423,0.58993,0.418,2.392,0.7534,7.11,268.57,123.613
72608,7/26/2012,8:41:21.09,1.9,0.61,123.60228,0.58942,0.442,2.265,0.7398,6.7,269.22,123.623
72613,7/26/2012,8:54:41.98,-1.2,0.83,123.61113,0.54779,0.311,3.22,0.8299,8.06,270.88,123.627
72615,7/26/2012,8:58:55.96,0.2,0.74,123.61395,0.57803,0.389,2.571,0.7752,6.51,269.21,123.635
72638,7/26/2012,9:31:21.78,0.2,0.71,123.63546,0.54985,0.317,3.151,0.8255,7.41,270.79,123.653
72643,7/26/2012,9:35:26.60,2.1,0.68,123.63817,0.57632,0.415,2.408,0.7606,7.03,270.04,123.657
72644,7/26/2012,9:35:30.38,0.7,0.46,123.63821,0.53532,0.162,6.178,0.9134,10.77,269.45,123.648
72649,7/26/2012,9:38:17.71,-0.2,0.52,123.64006,0.56661,0.4,2.498,0.7732,6.01,270.77,123.663
72661,7/26/2012,9:49:18.15,1.5,0.53,123.64737,0.56676,0.34,2.941,0.8073,8.36,269.37,123.662
72687,7/26/2012,10:16:31.23,-1.1,0.68,123.66543,0.58068,0.411,2.432,0.7613,7.09,269.45,123.683
72698,7/26/2012,10:32:20.32,-0.6,0.77,123.67592,0.55941,0.393,2.545,0.7801,7.3,271.41,123.692
72809,7/26/2012,12:26:42.58,-0.9,0.76,123.75181,0.56972,0.39,2.566,0.778,6.56,270.17,123.768
72819,7/27/2012,4:43:57.00,0.2,0.73,124.40029,0.57894,0.377,2.652,0.7817,7.29,268.82,124.418
72820,7/27/2012,4:46:38.52,0.9,0.73,124.40208,0.58743,0.39,2.564,0.7709,7.57,268.16,124.419
72824,7/27/2012,4:52:33.56,1.6,0.43,124.40601,0.5772,0.309,3.235,0.8216,8.66,267.51,124.419
72828,7/27/2012,5:02:24.23,-0.8,0.68,124.41254,0.5774,0.43,2.325,0.7516,7.43,270.28,124.43
72854,7/27/2012,6:18:59.54,1,0.58,124.46337,0.56867,0.289,3.461,0.8357,9.13,268.06,124.476
72870,7/27/2012,6:55:31.66,-3,0.72,124.48762,0.59481,0.385,2.597,0.7709,7.4,267.2,124.505
72876,7/27/2012,7:07:15.17,1.7,0.41,124.4954,0.58256,0.423,2.362,0.7534,5.57,269.52,124.522
72883,7/27/2012,7:26:06.81,-0.1,0.63,124.50791,0.59558,0.399,2.505,0.7622,7.36,267.45,124.526
72918,7/27/2012,8:18:18.35,2,0.6,124.54255,0.5857,0.401,2.495,0.7653,6.72,268.61,124.563
72941,7/27/2012,8:53:27.05,2.1,0.53,124.56587,0.54957,0.364,2.744,0.7998,8.23,271.84,124.58
72945,7/27/2012,8:57:04.95,-0.7,0.81,124.56828,0.57023,0.322,3.103,0.8162,7.76,268.58,124.584
72959,7/27/2012,9:22:52.28,-0.2,0.54,124.5854,0.5892,0.389,2.574,0.7711,7.68,267.92,124.601
72962,7/27/2012,9:24:32.45,0.9,0.63,124.58651,0.58091,0.37,2.706,0.7853,7.52,268.42,124.603
72988,7/27/2012,9:51:00.91,1,0.57,124.60408,0.58176,0.348,2.875,0.7977,7.86,267.83,124.619
72992,7/27/2012,9:55:17.63,2.4,0.42,124.60692,0.59532,0.318,3.142,0.8105,8.77,265.64,124.619
72996,7/27/2012,9:57:09.10,-1.3,0.73,124.60815,0.54843,0.309,3.233,0.8304,8.59,270.77,124.621
72998,7/27/2012,9:57:12.02,-1.8,0.69,124.60818,0.58236,0.398,2.513,0.7682,6.69,268.93,124.627
73008,7/27/2012,10:07:04.65,0.2,0.74,124.61474,0.57328,0.398,2.512,0.7718,7.54,269.96,124.63
73039,7/27/2012,10:38:20.84,1.3,0.77,124.63549,0.58226,0.421,2.374,0.7547,6.67,269.51,124.653
73066,7/27/2012,11:00:19.20,0,0.65,124.65007,0.59354,0.409,2.445,0.7573,6.67,267.92,124.668
73071,7/27/2012,11:04:57.59,-0.7,0.61,124.65315,0.58423,0.396,2.525,0.7686,8.16,268.67,124.666
73096,7/27/2012,11:28:39.27,0.9,0.6,124.66888,0.55738,0.362,2.761,0.7982,7.84,270.92,124.682
73153,7/27/2012,12:21:58.77,0.1,0.79,124.70427,0.55822,0.391,2.557,0.7817,9.57,271.49,124.713
73161,7/27/2012,12:32:25.49,0.5,0.53,124.7112,0.59028,0.385,2.596,0.7726,7.6,267.73,124.724
73163,7/28/2012,4:16:16.33,1.2,0.55,125.33765,0.58886,0.364,2.745,0.7855,7.87,267.39,125.352
73168,7/28/2012,4:42:18.14,1.7,0.66,125.35493,0.59172,0.38,2.633,0.7753,6.88,267.42,125.373
73177,7/28/2012,5:17:17.26,-0.7,0.78,125.37816,0.5546,0.148,6.767,0.918,8.83,267.01,125.391
73186,7/28/2012,6:04:29.47,-0.3,0.81,125.40949,0.57857,0.347,2.88,0.7991,7.41,268.17,125.426
73190,7/28/2012,6:14:01.17,-2.7,0.94,125.41582,0.58109,0.385,2.598,0.7763,7.3,268.75,125.433
73202,7/28/2012,6:40:36.82,1.8,0.55,125.43347,0.60239,0.326,3.071,0.8038,8.16,264.97,125.448
73211,7/28/2012,6:54:37.53,0.3,0.79,125.44276,0.56938,0.402,2.486,0.771,7.42,270.49,125.46
73213,7/28/2012,6:55:58.89,0.9,0.71,125.44367,0.58528,0.366,2.732,0.7858,7.65,267.84,125.46
73221,7/28/2012,7:13:19.06,0.5,0.69,125.45518,0.58404,0.357,2.798,0.7912,7.45,267.78,125.472
73234,7/28/2012,7:47:38.74,-0.4,0.58,125.47796,0.54707,0.293,3.408,0.8395,9.06,270.59,125.49
73240,7/28/2012,7:51:21.14,-0.2,0.54,125.48042,0.57603,0.366,2.736,0.7894,7.5,268.88,125.497
73254,7/28/2012,8:07:49.89,1.1,0.59,125.49136,0.56541,0.355,2.82,0.7995,9.04,269.83,125.504
73258,7/28/2012,8:14:29.35,0.4,0.72,125.49578,0.57524,0.416,2.404,0.7607,7.43,270.17,125.512
73262,7/28/2012,8:23:15.39,-1.2,0.59,125.5016,0.58904,0.415,2.407,0.7553,7.01,268.59,125.52
73270,7/28/2012,8:38:45.37,-0.6,0.65,125.51189,0.60442,0.367,2.727,0.7784,7.34,265.66,125.529
73294,7/28/2012,9:13:37.65,1.6,0.46,125.53503,0.60352,0.368,2.716,0.7778,7.64,265.8,125.551
73310,7/28/2012,9:24:35.52,2,0.66,125.54231,0.59143,0.324,3.087,0.8084,8.24,266.2,125.556
73353,7/28/2012,10:17:50.17,0.2,0.75,125.57766,0.5928,0.359,2.79,0.7875,8.15,266.81,125.591
73362,7/28/2012,10:25:26.30,1.1,0.41,125.5827,0.57998,0.403,2.481,0.7663,7.77,269.32,125.597
73453,7/28/2012,11:49:13.72,0.8,0.66,125.63833,0.56756,0.393,2.546,0.7771,8.53,270.47,125.649
73496,7/29/2012,4:29:09.85,-0.6,0.65,126.30215,0.59255,0.4,2.503,0.7632,7.14,267.79,126.319
73500,7/29/2012,4:48:16.15,0.2,0.61,126.31483,0.5944,0.442,2.26,0.737,6.75,268.65,126.333
73510,7/29/2012,5:12:20.88,-0.4,0.57,126.33083,0.57858,0.386,2.589,0.7765,7.75,269.06,126.346
73519,7/29/2012,5:25:27.02,1.5,0.63,126.33952,0.59119,0.37,2.702,0.7812,7.77,267.25,126.355
73526,7/29/2012,5:41:55.42,1.8,0.71,126.35046,0.57091,0.266,3.764,0.8483,8.33,267.32,126.364
73527,7/29/2012,5:45:36.84,1.3,0.48,126.35291,0.58724,0.242,4.136,0.858,8.49,264.98,126.366
73530,7/29/2012,5:55:04.74,-1.5,0.89,126.35918,0.58975,0.376,2.658,0.7781,7.09,267.55,126.377
73534,7/29/2012,6:03:52.89,-0.4,0.52,126.36504,0.59699,0.459,2.181,0.7262,6.04,268.78,126.387
73538,7/29/2012,6:07:02.41,2.9,0.68,126.36713,0.57877,0.324,3.082,0.8122,7.34,267.64,126.384
73539,7/29/2012,6:09:10.65,1.1,0.73,126.36855,0.57222,0.422,2.368,0.7584,7.45,270.65,126.385
73542,7/29/2012,6:14:18.22,-0.8,0.7,126.37196,0.5846,0.374,2.672,0.7812,7.9,268.1,126.387
73546,7/29/2012,6:19:48.59,1.1,0.37,126.37561,0.61354,0.375,2.667,0.77,6.65,264.78,126.396
73553,7/29/2012,6:28:28.09,0.4,0.73,126.38136,0.56729,0.281,3.558,0.8406,9.05,268.04,126.393
73558,7/29/2012,6:32:25.58,1.4,0.67,126.38399,0.59928,0.301,3.317,0.8193,7.77,264.8,126.399
73569,7/29/2012,6:42:13.88,1.1,0.69,126.3905,0.60788,0.427,2.344,0.7406,8.19,266.71,126.405
73572,7/29/2012,6:44:15.77,0.5,0.58,126.39185,0.57319,0.372,2.689,0.7868,8,269.34,126.407
73607,7/29/2012,7:24:06.38,1.8,0.85,126.4183,0.52936,0.192,5.217,0.8985,10.4,270.63,126.427
73653,7/29/2012,8:08:20.00,2.5,0.62,126.44766,0.57721,0.441,2.266,0.7453,6.78,270.57,126.466
73654,7/29/2012,8:08:38.38,0.9,0.62,126.44787,0.57625,0.379,2.638,0.7815,8.41,269.16,126.461
73659,7/29/2012,8:12:17.01,1.7,0.63,126.45029,0.58263,0.338,2.963,0.8034,8.09,267.49,126.464
73664,7/29/2012,8:19:10.64,0.8,0.72,126.45486,0.57931,0.321,3.115,0.814,7.6,267.51,126.47
73667,7/29/2012,8:22:11.10,1.9,0.69,126.45686,0.56067,0.324,3.083,0.8181,8.24,269.7,126.47
73671,7/29/2012,8:25:04.50,1.2,0.71,126.45878,0.54268,0.278,3.594,0.849,7.42,270.76,126.475
73683,7/29/2012,8:34:05.92,-0.1,0.74,126.46477,0.59795,0.351,2.846,0.7899,6.91,266.04,126.483
73686,7/29/2012,8:37:13.24,1,0.52,126.46684,0.61097,0.357,2.803,0.782,7.93,264.67,126.481
73693,7/29/2012,8:43:00.66,-1.4,0.72,126.47069,0.5953,0.425,2.354,0.7471,7.61,268.11,126.486
73696,7/29/2012,8:45:27.46,-1.6,0.93,126.47231,0.60324,0.365,2.738,0.7797,7.32,265.75,126.488
73708,7/29/2012,8:53:53.69,-0.2,0.81,126.47791,0.53282,0.298,3.36,0.8414,8.24,272.27,126.491
73710,7/29/2012,8:57:50.60,1.5,0.69,126.48054,0.61036,0.319,3.135,0.8053,7.23,263.9,126.497
73715,7/29/2012,9:06:12.51,1.1,0.53,126.48609,0.59922,0.338,2.962,0.7977,8.87,265.59,126.498
73726,7/29/2012,9:14:24.48,1.5,0.62,126.49153,0.60466,0.36,2.775,0.7821,8.44,265.48,126.504
73767,7/29/2012,9:43:34.69,1.7,0.64,126.5109,0.57551,0.352,2.839,0.7973,7.8,268.63,126.525
73801,7/29/2012,10:16:29.00,1.8,0.79,126.53275,0.58797,0.339,2.95,0.8007,8.05,266.91,126.545
73803,7/29/2012,10:17:41.70,2.3,0.6,126.53355,0.57697,0.35,2.854,0.7978,8.37,268.42,126.546
73816,7/29/2012,10:24:41.26,1.6,0.59,126.53819,0.59431,0.345,2.902,0.7952,7.75,266.31,126.551
73817,7/29/2012,10:25:16.49,0.9,0.61,126.53858,0.55224,0.404,2.477,0.7771,9.47,272.44,126.548
73823,7/29/2012,10:29:24.17,3,0.56,126.54133,0.56088,0.285,3.515,0.8404,7.26,268.84,126.556
73839,7/29/2012,10:42:37.13,0.2,0.85,126.5501,0.60309,0.386,2.592,0.7673,7.45,266.25,126.564
73850,7/29/2012,10:49:52.24,0.5,0.53,126.55492,0.60053,0.397,2.518,0.7615,7.78,266.82,126.568
73887,7/29/2012,11:30:22.67,1.3,0.6,126.58181,0.58764,0.328,3.051,0.8074,7.63,266.7,126.594
73892,7/29/2012,11:34:59.76,-0.4,0.79,126.58488,0.55009,0.467,2.142,0.7432,7.11,274.26,126.599
73897,7/29/2012,11:39:43.98,2,0.82,126.58802,0.56964,0.341,2.933,0.8058,7.6,269.04,126.6
73908,7/29/2012,11:50:21.05,-0.1,0.75,126.59507,0.59371,0.354,2.825,0.7898,6.47,266.59,126.61
73914,7/29/2012,11:59:04.51,2,0.77,126.60087,0.6089,0.406,2.461,0.7526,6.62,266.08,126.616
73947,7/30/2012,4:15:57.88,0,0.62,127.24953,0.59269,0.448,2.231,0.7343,7.84,269,127.263
73948,7/30/2012,4:20:10.67,1.1,0.66,127.25233,0.5843,0.372,2.691,0.7829,7.26,268.06,127.268
73951,7/30/2012,4:36:07.14,-0.5,0.58,127.26292,0.57354,0.459,2.178,0.7367,6.53,271.43,127.282
73964,7/30/2012,5:13:59.94,0.4,0.65,127.28808,0.60953,0.376,2.661,0.771,7.44,265.26,127.303
73969,7/30/2012,5:21:52.83,0.9,0.87,127.29331,0.6002,0.336,2.978,0.7985,9.16,265.43,127.304
73973,7/30/2012,5:32:04.92,1,0.57,127.30009,0.60609,0.403,2.481,0.7557,7.33,266.32,127.316
73979,7/30/2012,5:41:04.38,-2.1,0.81,127.30605,0.58557,0.415,2.412,0.7572,7.8,268.95,127.32
73980,7/30/2012,5:42:12.14,0.6,0.73,127.30681,0.58458,0.328,3.045,0.808,7.86,267.06,127.321
73983,7/30/2012,6:02:46.67,1.5,0.49,127.32047,0.57967,0.289,3.457,0.8323,8.24,266.79,127.334
73984,7/30/2012,6:03:06.66,-1.7,0.62,127.32069,0.5542,0.181,5.521,0.8996,8.87,267.62,127.332
73987,7/30/2012,6:11:10.96,1.3,0.47,127.32605,0.54625,0.368,2.72,0.7991,6.23,272.26,127.347
73989,7/30/2012,6:18:01.61,0.9,0.64,127.3306,0.6051,0.288,3.47,0.8256,7.71,263.85,127.345
73993,7/30/2012,6:27:39.25,1.5,0.23,127.33699,0.58004,0.341,2.935,0.8024,7.96,267.85,127.351
73996,7/30/2012,6:29:53.63,0.9,0.56,127.33848,0.58625,0.418,2.394,0.7551,6.89,268.94,127.356
74007,7/30/2012,6:40:20.98,0.5,0.72,127.34542,0.57676,0.18,5.546,0.896,10.2,265.04,127.354
74017,7/30/2012,6:53:41.66,0.2,0.73,127.35428,0.62492,0.405,2.468,0.7468,6.51,264.18,127.374
74028,7/30/2012,7:02:49.63,-0.5,0.69,127.36034,0.60712,0.403,2.484,0.7556,7.11,266.18,127.377
74066,7/30/2012,7:48:01.87,0.8,0.77,127.39037,0.57977,0.397,2.522,0.7701,7.69,269.16,127.405
74070,7/30/2012,7:54:12.57,1.6,0.63,127.39447,0.5732,0.312,3.205,0.8212,6.96,268,127.412
74073,7/30/2012,7:54:44.76,-2.1,0.86,127.39482,0.57928,0.273,3.657,0.8416,8.2,266.51,127.408
74081,7/30/2012,8:05:20.98,1.3,0.16,127.40186,0.5706,0.34,2.943,0.8061,7.33,268.9,127.418
74088,7/30/2012,8:13:02.60,-1.7,0.59,127.40697,0.57254,0.347,2.878,0.8011,8.57,268.85,127.419
74098,7/30/2012,8:29:21.98,-0.5,0.77,127.41782,0.60665,0.363,2.751,0.7795,6.49,265.31,127.437
74105,7/30/2012,8:34:28.60,0.3,0.71,127.42121,0.59807,0.399,2.507,0.7614,7.8,267.14,127.435
74129,7/30/2012,8:55:27.48,-0.7,0.77,127.43514,0.59456,0.375,2.668,0.7772,7.72,266.96,127.449
74134,7/30/2012,8:57:59.66,0.6,0.71,127.43683,0.60313,0.406,2.462,0.7551,7.16,266.73,127.452
74157,7/30/2012,9:23:42.11,-0.6,0.7,127.4539,0.58156,0.416,2.402,0.7579,6.81,269.44,127.47
74163,7/30/2012,9:27:58.12,1.6,0.5,127.45673,0.54477,0.176,5.699,0.9044,8.45,268.59,127.468
74182,7/30/2012,9:50:53.89,-1.4,0.6,127.47196,0.55434,0.169,5.898,0.906,9.22,267.4,127.482
74191,7/30/2012,9:58:13.17,1.6,0.69,127.47682,0.59662,0.381,2.625,0.7727,8.01,266.88,127.489
74194,7/30/2012,10:00:29.25,0.3,0.76,127.47833,0.56308,0.398,2.512,0.7759,9.37,271.09,127.488
74250,7/30/2012,10:46:15.73,0.4,0.73,127.50873,0.55883,0.318,3.147,0.8224,8.26,269.76,127.52
74265,7/30/2012,11:02:21.67,0.5,0.6,127.51942,0.60473,0.408,2.453,0.7534,6.72,266.59,127.534
74282,7/30/2012,11:18:07.27,1,0.79,127.52988,0.61004,0.355,2.819,0.7836,7.33,264.72,127.542
74307,7/30/2012,11:48:14.44,0.3,0.54,127.54989,0.60771,0.444,2.252,0.7302,6.71,267.17,127.563
74358,7/31/2012,4:00:33.06,0.3,0.41,128.19566,0.58687,0.324,3.083,0.8097,7.26,266.7,128.21
74360,7/31/2012,4:03:38.60,0.1,0.42,128.19772,0.5992,0.437,2.289,0.7382,5.86,267.94,128.219
74363,7/31/2012,4:11:06.05,-1.3,0.67,128.20268,0.5701,0.18,5.545,0.8972,9.13,265.79,128.212
74366,7/31/2012,4:16:02.27,1.3,0.57,128.20596,0.62755,0.369,2.707,0.7682,6.18,263,128.225
74369,7/31/2012,4:21:15.98,1.4,0.25,128.20943,0.57655,0.31,3.227,0.8213,11.2,267.58,128.215
74372,7/31/2012,4:25:52.20,0.1,0.71,128.21249,0.58492,0.384,2.602,0.7752,8.48,268.28,128.224
74380,7/31/2012,4:46:55.45,1.6,0.43,128.22647,0.61275,0.345,2.896,0.7884,8.27,264.18,128.238
74384,7/31/2012,4:52:40.65,0.7,0.46,128.23029,0.54672,0.358,2.791,0.8041,10.36,272,128.238
74386,7/31/2012,4:58:00.48,-0.2,0.85,128.23384,0.59065,0.355,2.817,0.7903,8.02,266.95,128.246
74392,7/31/2012,5:04:45.34,2.2,0.49,128.23831,0.57227,0.41,2.442,0.7656,8.19,270.32,128.251
74395,7/31/2012,5:20:33.21,0.8,0.68,128.24881,0.60471,0.318,3.143,0.8076,7.78,264.51,128.262
74419,7/31/2012,5:59:24.02,0.5,0.77,128.2746,0.59769,0.363,2.752,0.7828,7.57,266.33,128.289
74422,7/31/2012,6:08:01.36,-1.3,0.68,128.28033,0.62316,0.417,2.399,0.7403,6.81,264.67,128.298
74424,7/31/2012,6:12:44.89,-3.9,0.9,128.28348,0.56371,0.228,4.396,0.8718,8.38,267.38,128.296
74426,7/31/2012,6:15:05.29,-0.4,0.68,128.28503,0.58078,0.344,2.91,0.8004,7.78,267.82,128.299
74431,7/31/2012,6:23:39.30,-0.1,0.52,128.29073,0.61075,0.481,2.079,0.7062,7.67,267.82,128.305
74434,7/31/2012,6:27:50.12,0.8,0.66,128.2935,0.57845,0.38,2.634,0.7804,7.92,268.9,128.307
74441,7/31/2012,6:36:57.26,1.4,0.86,128.29956,0.5931,0.336,2.974,0.8006,8.25,266.25,128.312
74444,7/31/2012,6:39:21.18,1.3,0.53,128.30115,0.57777,0.309,3.236,0.8214,7.52,267.41,128.316
74448,7/31/2012,6:42:17.11,1,0.57,128.3031,0.58215,0.317,3.152,0.8153,7.72,267.08,128.317
74453,7/31/2012,6:45:10.43,1.9,0.61,128.30502,0.59098,0.293,3.414,0.8269,7.47,265.56,128.32
74454,7/31/2012,6:53:56.00,-0.6,0.76,128.31084,0.56915,0.324,3.083,0.8154,8.43,268.72,128.323
74466,7/31/2012,7:12:36.80,0.9,0.57,128.32324,0.61455,0.322,3.105,0.8021,8.22,263.46,128.336
74483,7/31/2012,7:31:42.41,0.2,0.72,128.33594,0.5792,0.175,5.724,0.8988,8.24,264.65,128.348
74485,7/31/2012,7:32:37.31,-1.9,0.54,128.33653,0.61457,0.361,2.77,0.7781,7.87,264.33,128.35
74500,7/31/2012,7:49:35.89,1.4,0.5,128.34781,0.60792,0.341,2.931,0.7926,7.22,264.65,128.363
74503,7/31/2012,7:52:13.44,0.6,0.73,128.34956,0.56385,0.127,7.851,0.9282,8.97,265.59,128.36
74510,7/31/2012,7:59:49.69,0.2,0.71,128.35461,0.59214,0.348,2.876,0.7941,8.48,266.61,128.366
74516,7/31/2012,8:08:27.90,0.3,0.61,128.36034,0.58541,0.152,6.578,0.911,9.72,263.54,128.369
74525,7/31/2012,8:19:24.86,-1.3,0.7,128.36761,0.61706,0.398,2.514,0.7545,6.93,264.91,128.384
74530,7/31/2012,8:24:50.37,1.6,0.44,128.37122,0.58395,0.335,2.982,0.8042,7.64,267.27,128.385
74531,7/31/2012,8:25:18.26,-0.1,0.66,128.37154,0.57342,0.377,2.653,0.7838,8.04,269.41,128.384
74570,7/31/2012,9:06:38.56,1.4,0.73,128.39899,0.60624,0.298,3.358,0.8194,7.82,263.91,128.412
74586,7/31/2012,9:19:22.97,0.1,0.72,128.40746,0.61124,0.31,3.224,0.8104,6.55,263.58,128.424
74599,7/31/2012,9:31:04.31,-1,0.62,128.41522,0.60917,0.328,3.049,0.8002,7.38,264.21,128.429
74603,7/31/2012,9:34:10.46,0,0.71,128.41728,0.58964,0.31,3.223,0.8171,8.75,266.08,128.427
74610,7/31/2012,9:40:21.09,1.2,0.76,128.42139,0.54673,0.332,3.011,0.8184,8.48,271.42,128.432
74617,7/31/2012,9:49:32.44,-1.4,0.77,128.42749,0.6154,0.398,2.51,0.7549,7.5,265.12,128.441
74654,7/31/2012,10:15:15.73,2.6,0.7,128.44456,0.55978,0.219,4.572,0.8776,8.43,267.67,128.455
74661,7/31/2012,10:22:10.50,1,0.68,128.44916,0.58613,0.363,2.758,0.7875,7.27,267.64,128.462
74690,7/31/2012,10:41:07.06,-1.2,0.73,128.46175,0.58206,0.397,2.52,0.769,7.6,268.9,128.474
74695,7/31/2012,10:45:04.17,-0.1,0.66,128.46437,0.57754,0.416,2.406,0.76,7.22,269.87,128.477
74698,7/31/2012,10:48:00.06,2.1,0.29,128.46632,0.6081,0.331,3.021,0.7987,5.74,264.4,128.484
74704,7/31/2012,10:50:56.50,0.6,0.65,128.46828,0.60313,0.383,2.611,0.769,8.58,266.17,128.477
74715,7/31/2012,10:54:53.38,-0.9,0.83,128.4709,0.59278,0.382,2.618,0.7736,7.2,267.33,128.483
74723,7/31/2012,11:01:12.65,0.2,0.65,128.4751,0.60763,0.424,2.359,0.7425,7.29,266.65,128.487
74725,7/31/2012,11:02:16.47,0.9,0.38,128.4758,0.62674,0.36,2.775,0.7742,6.24,262.89,128.492
74750,7/31/2012,11:20:29.80,2.3,0.49,128.4879,0.60039,0.391,2.558,0.7653,7.92,266.67,128.498
74752,7/31/2012,11:22:12.78,-0.6,0.71,128.48904,0.60449,0.395,2.533,0.7614,7.41,266.29,128.501
74757,7/31/2012,11:24:23.60,1.7,0.7,128.49049,0.56782,0.47,2.126,0.7329,10.5,272.38,128.496
74766,7/31/2012,11:29:18.12,-0.4,0.82,128.49374,0.58649,0.338,2.957,0.8016,7.61,267.05,128.505
74791,7/31/2012,11:47:20.44,0.6,0.6,128.50574,0.57313,0.391,2.557,0.7759,8.01,269.78,128.515
74793,7/31/2012,11:51:03.81,2.2,0.71,128.50821,0.57464,0.307,3.26,0.8237,8.56,267.72,128.516
74808,7/31/2012,12:03:24.21,0.9,0.71,128.5164,0.59339,0.349,2.868,0.7931,7.2,266.49,128.528
74841,8/1/2012,4:19:23.15,1,0.62,129.16478,0.60687,0.366,2.729,0.7776,7.61,265.33,129.178
74844,8/1/2012,4:25:33.78,1.8,0.74,129.16888,0.59207,0.353,2.835,0.7912,8.12,266.72,129.18
74850,8/1/2012,4:46:12.05,-1.1,0.76,129.1826,0.58976,0.4,2.503,0.7643,6.97,268.08,129.198
74854,8/1/2012,5:00:31.82,0.8,0.4,129.19212,0.58455,0.386,2.591,0.7744,6.43,268.34,129.21
74858,8/1/2012,5:03:18.27,0.7,0.53,129.19397,0.60518,0.268,3.739,0.8381,8.14,263.4,129.206
74865,8/1/2012,5:26:15.24,1.2,0.46,129.20921,0.57568,0.298,3.361,0.8287,8.82,267.4,129.219
74867,8/1/2012,5:29:52.22,0.9,0.66,129.21161,0.58874,0.33,3.033,0.8059,7.52,266.59,129.225
74869,8/1/2012,5:42:31.44,-1,0.69,129.22002,0.6132,0.362,2.76,0.7779,7.57,264.51,129.234
74875,8/1/2012,5:51:40.80,0.6,0.55,129.2261,0.61826,0.328,3.052,0.7974,7.47,263.14,129.24
74881,8/1/2012,6:08:27.86,1.7,0.68,129.23726,0.58524,0.424,2.356,0.7516,7.21,269.21,129.253
74900,8/1/2012,6:37:27.95,1.1,0.71,129.25653,0.5959,0.155,6.432,0.9074,9.04,262.39,129.266
74910,8/1/2012,6:52:44.43,-1.3,0.71,129.26668,0.61791,0.325,3.077,0.7992,9.38,263.13,129.276
74913,8/1/2012,6:54:44.80,-0.6,0.61,129.26801,0.59856,0.363,2.758,0.783,8.24,266.2,129.28
74919,8/1/2012,7:01:39.14,-2.3,0.86,129.2726,0.60672,0.382,2.615,0.7679,7.77,265.73,129.286
74930,8/1/2012,7:21:07.14,-0.2,0.69,129.28552,0.59282,0.387,2.583,0.7705,7.44,267.43,129.3
74937,8/1/2012,7:29:04.27,2.5,0.79,129.29082,0.56633,0.123,8.131,0.9304,6.63,265.22,129.308
74939,8/1/2012,7:33:57.13,-0.4,0.69,129.29405,0.6139,0.394,2.536,0.7579,7.58,265.18,129.308
74940,8/1/2012,7:35:43.06,0.2,0.63,129.29523,0.59308,0.212,4.728,0.8746,8.91,263.72,129.305
74941,8/1/2012,7:37:10.18,-0.8,0.63,129.29619,0.62563,0.449,2.228,0.7192,7.26,265.21,129.311
74946,8/1/2012,7:46:52.67,0.6,0.52,129.30264,0.58979,0.41,2.437,0.758,7.15,268.34,129.318
74949,8/1/2012,7:51:49.61,-0.1,0.69,129.30592,0.58377,0.394,2.54,0.7702,7.39,268.62,129.32
74970,8/1/2012,8:15:01.60,-0.3,0.61,129.32135,0.62845,0.408,2.451,0.7436,6.86,263.83,129.337
74971,8/1/2012,8:15:05.58,-0.2,0.68,129.3214,0.5607,0.238,4.199,0.8665,9.44,267.92,129.33
74976,8/1/2012,8:19:05.34,-0.2,0.69,129.32405,0.58151,0.332,3.01,0.8068,8.04,267.47,129.336
74983,8/1/2012,8:24:50.82,-0.2,0.5,129.32787,0.59122,0.374,2.671,0.7787,7.7,267.32,129.341
74987,8/1/2012,8:31:12.15,-0.3,0.7,129.33209,0.58456,0.264,3.782,0.8454,7.87,265.71,129.344
74994,8/1/2012,8:40:19.75,0.9,0.74,129.33815,0.62352,0.348,2.874,0.7831,7.88,262.98,129.35
75009,8/1/2012,8:50:45.11,0.9,0.63,129.34508,0.5952,0.281,3.561,0.8328,8.2,264.82,129.356
75011,8/1/2012,8:51:33.29,-0.1,0.65,129.34561,0.62884,0.383,2.614,0.7594,7.18,263.16,129.36
75019,8/1/2012,9:02:59.27,-2.5,0.65,129.35329,0.58635,0.348,2.874,0.796,7.35,267.27,129.367
75023,8/1/2012,9:09:22.14,-1,0.76,129.35745,0.59619,0.372,2.69,0.7784,7.7,266.69,129.37
75032,8/1/2012,9:14:01.32,-0.7,0.64,129.36053,0.55782,0.277,3.612,0.8455,8.34,269.01,129.371
75070,8/1/2012,9:50:18.13,-2.7,0.66,129.38464,0.60003,0.346,2.892,0.7925,6.9,265.65,129.399
75078,8/1/2012,10:01:41.84,0.1,0.52,129.39221,0.58016,0.376,2.661,0.782,7.39,268.61,129.404
75084,8/1/2012,10:04:31.44,-0.4,0.72,129.3941,0.60843,0.328,3.046,0.8003,7.5,264.3,129.406
75087,8/1/2012,10:06:28.98,1,0.38,129.3954,0.59555,0.307,3.254,0.817,10.21,265.34,129.402
75096,8/1/2012,10:22:25.74,0.6,0.76,129.40599,0.60261,0.413,2.423,0.7513,7.19,266.94,129.418
75102,8/1/2012,10:26:58.24,1.9,0.31,129.40901,0.57356,0.171,5.861,0.9021,8.04,265.21,129.419
75118,8/1/2012,10:40:37.22,-0.7,0.8,129.41808,0.60944,0.389,2.568,0.7627,7.44,265.58,129.43
75121,8/1/2012,10:41:40.23,-0.7,0.71,129.41878,0.63772,0.369,2.709,0.7646,6.77,261.8,129.432
75128,8/1/2012,10:46:38.06,0.4,0.73,129.42207,0.612,0.385,2.597,0.7644,8.03,265.18,129.432
75153,8/1/2012,11:03:52.43,-1.1,0.83,129.43353,0.61145,0.433,2.308,0.7351,6.85,266.44,129.446
75158,8/1/2012,11:06:27.90,0.7,0.58,129.43526,0.58284,0.389,2.568,0.773,7.39,268.63,129.446
75179,8/1/2012,11:19:00.82,0.4,0.81,129.44359,0.61677,0.317,3.157,0.8046,7.26,263.08,129.455
75184,8/1/2012,11:24:38.10,0.8,0.76,129.44733,0.64985,0.413,2.423,0.7318,6.61,261.42,129.46
75238,8/1/2012,12:02:43.91,0.6,0.6,129.47264,0.64484,0.419,2.388,0.73,7.72,262.17,129.481
75297,8/2/2012,5:34:53.97,-0.5,0.74,130.17181,0.58357,0.323,3.095,0.8114,8.01,267.03,130.183
75306,8/2/2012,5:58:01.74,0.2,0.59,130.18718,0.59947,0.412,2.426,0.7529,7.45,267.27,130.201
75315,8/2/2012,6:12:33.52,1.9,0.47,130.19684,0.57198,0.238,4.193,0.8636,8.92,266.63,130.206
75316,8/2/2012,6:13:14.71,0.6,0.56,130.1973,0.56561,0.264,3.786,0.8506,10.21,267.86,130.204
75329,8/2/2012,6:38:15.42,-1.5,0.82,130.21391,0.61621,0.348,2.873,0.7855,7.81,263.82,130.226
75351,8/2/2012,7:18:30.79,0.3,0.72,130.24066,0.61922,0.324,3.085,0.7993,8.03,262.94,130.252
75363,8/2/2012,7:33:46.21,0.1,0.5,130.25081,0.61875,0.356,2.809,0.7798,6.68,263.7,130.267
75396,8/2/2012,8:38:10.82,1.2,0.35,130.29361,0.59193,0.187,5.349,0.8893,9.35,263.39,130.302
75398,8/2/2012,8:39:04.72,0.1,0.53,130.2942,0.62043,0.393,2.546,0.7564,7.28,264.37,130.307
75401,8/2/2012,8:45:20.84,1.5,0.52,130.29839,0.59538,0.299,3.345,0.822,8.85,265.17,130.307
75404,8/2/2012,8:47:06.17,1.6,0.59,130.29955,0.63702,0.303,3.299,0.8069,7.09,260.4,130.313
75405,8/2/2012,8:49:37.61,0.4,0.56,130.30122,0.62456,0.372,2.69,0.7678,8.08,263.39,130.312
75412,8/2/2012,8:58:27.01,0.1,0.68,130.30708,0.58034,0.316,3.169,0.8169,8.22,267.24,130.317
75441,8/2/2012,9:34:22.52,0.4,0.68,130.33096,0.55348,0.162,6.18,0.9104,9.24,267.34,130.339
75455,8/2/2012,9:43:15.22,-1.6,0.67,130.33687,0.5885,0.41,2.44,0.7588,7.81,268.47,130.348
75477,8/2/2012,10:05:47.09,-1.2,0.88,130.35184,0.59781,0.336,2.976,0.7991,8.09,265.68,130.361
75541,8/2/2012,11:01:18.75,-2.1,0.61,130.38873,0.61839,0.362,2.763,0.7762,6.72,263.88,130.401
75549,8/2/2012,11:11:39.18,0.2,0.8,130.39561,0.58773,0.372,2.687,0.7813,8.28,267.66,130.404
75563,8/2/2012,11:21:16.38,1.8,0.74,130.40201,0.5983,0.363,2.758,0.783,8.14,266.23,130.41
75625,8/2/2012,12:30:01.82,-0.8,0.46,130.44769,0.60404,0.337,2.97,0.7966,7.55,264.98,130.456
75637,8/3/2012,4:48:12.66,-0.3,0.65,131.09787,0.61343,0.419,2.385,0.7427,7.15,265.84,131.111
75658,8/3/2012,5:41:03.68,2.2,0.53,131.13301,0.61531,0.374,2.674,0.7699,8.28,264.52,131.143
75666,8/3/2012,6:06:05.46,0.4,0.73,131.14964,0.6243,0.433,2.312,0.73,6.95,264.91,131.164
75671,8/3/2012,6:13:52.91,0.6,0.79,131.15483,0.62452,0.39,2.563,0.7563,7.45,263.83,131.167
75674,8/3/2012,6:18:51.76,-0.1,0.7,131.15813,0.6217,0.407,2.459,0.7472,8.4,264.56,131.168
75717,8/3/2012,7:22:43.21,3.1,0.35,131.20059,0.56899,0.392,2.55,0.7769,6.33,270.24,131.217
75746,8/3/2012,8:16:02.81,1.8,0.43,131.23604,0.64884,0.406,2.462,0.7364,6.9,261.35,131.25
75758,8/3/2012,8:39:06.16,0.6,0.66,131.25136,0.59587,0.348,2.877,0.7929,7.13,266.15,131.264
75786,8/3/2012,9:21:12.14,0.5,0.69,131.27934,0.62338,0.382,2.616,0.7617,7.65,263.77,131.29
75795,8/3/2012,9:44:23.28,1.1,0.7,131.29475,0.61318,0.271,3.696,0.8341,8,262.51,131.304
75821,8/3/2012,10:20:34.09,1.6,0.64,131.31882,0.63495,0.387,2.582,0.754,7.75,262.54,131.328
75829,8/3/2012,10:34:29.00,-0.3,0.71,131.32806,0.59276,0.337,2.971,0.8005,8.34,266.27,131.336
75834,8/3/2012,10:48:36.93,0.4,0.6,131.33746,0.6008,0.38,2.633,0.7719,7.97,266.33,131.346
75854,8/3/2012,11:22:30.04,0.8,0.63,131.35999,0.61646,0.402,2.487,0.7522,7.22,265.06,131.369
75898,8/4/2012,4:15:20.68,0.8,0.41,132.03337,0.65073,0.354,2.822,0.7694,7.23,259.87,132.046
75901,8/4/2012,4:26:29.41,-0.5,0.5,132.04079,0.6126,0.288,3.468,0.8234,8.13,262.93,132.051
75915,8/4/2012,5:22:46.05,-3.1,0.94,132.0782,0.6107,0.381,2.625,0.7674,8.16,265.2,132.088
75930,8/4/2012,6:45:49.82,-0.1,0.71,132.13344,0.64195,0.422,2.372,0.7294,5.41,262.54,132.155
75953,8/4/2012,11:16:08.12,1.4,0.46,132.31317,0.57591,0.222,4.506,0.8722,9.27,265.85,132.318
76006,8/5/2012,10:42:53.34,-4.6,0.76,133.24875,0.63215,0.417,2.396,0.7362,7.49,263.59,133.257
76044,8/6/2012,4:29:14.29,2.2,0.62,133.9581,0.65503,0.428,2.334,0.7194,6.66,261.14,133.972
76192,8/6/2012,9:53:39.91,-0.1,0.67,134.17395,0.6593,0.353,2.83,0.767,8.24,258.81,134.181
76367,8/7/2012,7:00:33.31,-2.4,0.79,135.01695,0.65135,0.379,2.636,0.7529,7.15,260.35,135.029
77113,8/9/2012,9:43:57.63,1.1,0.58,137.04303,0.61219,0.354,2.828,0.7836,8.9,264.34,137.048
110051,7/21/2012,23:28:55.00,2.7,0.9,119.42,0.56691,0.396,2.528,0.7757,6.84,270.65,119.44
110068,7/24/2012,21:29:49.00,0.5,0.7,122.2,0.54714,0.469,2.134,0.7436,7.44,274.66,122.22
110072,7/24/2012,23:09:17.00,2.5,0.7,122.27,0.57724,0.404,2.474,0.7666,6.13,269.67,122.29
110078,7/25/2012,21:29:33.00,1.6,0.8,123.16,0.57744,0.365,2.738,0.7891,7.12,268.72,123.18
110084,7/28/2012,22:22:33.00,3.7,0.7,126.06,0.59402,0.414,2.418,0.7543,6.65,267.97,126.08
110087,7/28/2012,23:44:18.00,-0.5,0.7,126.11,0.56961,0.409,2.443,0.7668,7.43,270.63,126.13
